JKB,1,"""test_time""|""data_type""",
JKB,1,"""test_time""|""data_type""",
XYJ,-1,Exception,
XTJ,1,,
,1,"""test_time""|""data_type""",
XXJ,1,,
JKB,-1,Exception,
XYJ,-1,Exception,
XTJ,1,,
,-1,Exception,
XXJ,1,,
JKB,-1,Exception,
XYJ,-1,Exception,
XTJ,1,,
,-1,Exception,`
XXJ,1,,
JKB,1,"""test_time""|""data_type""",
JKB,1,"""test_time""|""data_type""",
XYJ,-1,Exception,
XTJ,1,,
,1,"""test_time""|""data_type""",
XXJ,1,,
JKB,-1,Exception,
XYJ,-1,Exception,
XTJ,1,,
,-1,Exception,
XXJ,1,,
JKB,-1,Exception,
XYJ,1,"""interpretation""|""member_info""",
XTJ,1,,
,-1,Exception,
XXJ,1,,
JKB,-1,Exception,
XYJ,-1,Exception,
XTJ,1,,
,-1,Exception,
XXJ,1,,
JKB,-1,Exception,
XYJ,1,"""interpretation""|""member_info""",
XTJ,1,,
,-1,Exception,
XXJ,1,,
JKB,-1,Exception,
XYJ,-1,Exception,
XTJ,1,,
,-1,Exception,
XXJ,1,,
